epoch,train_loss,eval_loss
10,0.000614012824371,0.000489850412123
20,0.000766646291595,0.000643141276669
30,0.000744912715163,0.000650847388897
40,0.000679616176058,0.000621343730018
50,0.000638984958641,0.000591506599449
60,0.000621418934315,0.000577043567318
70,0.000630629248917,0.000584384892136
80,0.000668633088935,0.000608214875683
90,0.000757030793466,0.000632148759905
100,0.000965863233432,0.000650081783533
